{
  "hash": "9b3af963",
  "configHash": "e9c92f02",
  "lockfileHash": "5d2b2982",
  "browserHash": "0897061b",
  "optimized": {
    "@angular/common/http": {
      "src": "../../../../../../node_modules/@angular/common/fesm2022/http.mjs",
      "file": "@angular_common_http.js",
      "fileHash": "1d956c7c",
      "needsInterop": false
    },
    "@angular/core": {
      "src": "../../../../../../node_modules/@angular/core/fesm2022/core.mjs",
      "file": "@angular_core.js",
      "fileHash": "54b40bd0",
      "needsInterop": false
    },
    "@angular/forms": {
      "src": "../../../../../../node_modules/@angular/forms/fesm2022/forms.mjs",
      "file": "@angular_forms.js",
      "fileHash": "395f9582",
      "needsInterop": false
    },
    "@angular/platform-browser": {
      "src": "../../../../../../node_modules/@angular/platform-browser/fesm2022/platform-browser.mjs",
      "file": "@angular_platform-browser.js",
      "fileHash": "a0f7a5dc",
      "needsInterop": false
    },
    "@angular/platform-browser/animations": {
      "src": "../../../../../../node_modules/@angular/platform-browser/fesm2022/animations.mjs",
      "file": "@angular_platform-browser_animations.js",
      "fileHash": "4be4876b",
      "needsInterop": false
    },
    "@angular/router": {
      "src": "../../../../../../node_modules/@angular/router/fesm2022/router.mjs",
      "file": "@angular_router.js",
      "fileHash": "4e9e46d1",
      "needsInterop": false
    },
    "ag-grid-angular": {
      "src": "../../../../../../node_modules/ag-grid-angular/fesm2022/ag-grid-angular.mjs",
      "file": "ag-grid-angular.js",
      "fileHash": "aed1be4e",
      "needsInterop": false
    },
    "@angular/common": {
      "src": "../../../../../../node_modules/@angular/common/fesm2022/common.mjs",
      "file": "@angular_common.js",
      "fileHash": "8ad6c959",
      "needsInterop": false
    }
  },
  "chunks": {
    "chunk-Z6SHI7YL": {
      "file": "chunk-Z6SHI7YL.js"
    },
    "chunk-RPWBSJJV": {
      "file": "chunk-RPWBSJJV.js"
    },
    "chunk-ZLWQD4XV": {
      "file": "chunk-ZLWQD4XV.js"
    },
    "chunk-PSGA3BG2": {
      "file": "chunk-PSGA3BG2.js"
    }
  }
}