[
  {
    "orderno": "1",
    "ordertrackno": "11",
    "labeldate": "20.09.2024",
    "custno": "111",
    "perid": "1111",
    "catlog": "",
    "description": "",
    "labelnumber": ""
  },
  {
    "orderno": "2",
    "ordertrackno": "22",
    "labeldate": "20.09.2024",
    "custno": "222",
    "perid": "2222",
    "catlog": "",
    "description": "",
    "labelnumber": ""
  },
  {
    "orderno": "3",
    "ordertrackno": "33",
    "labeldate": "20.09.2024",
    "custno": "333",
    "perid": "3333",
    "catlog": "",
    "description": "",
    "labelnumber": ""
  },
  {
    "orderno": "4",
    "ordertrackno": "44",
    "labeldate": "20.09.2024",
    "custno": "444",
    "perid": "4444",
    "catlog": "",
    "description": "",
    "labelnumber": ""
  },
  {
    "orderno": "5",
    "ordertrackno": "55",
    "labeldate": "20.09.2024",
    "custno": "555",
    "perid": "5555",
    "catlog": "",
    "description": "",
    "labelnumber": ""
  }
]
